160.0,158.73835221031646,154.97330578058097,148.76423774212023,140.20906880701818,129.4427190999916,116.63498038742586,101.98783835979036,85.73228719663945,68.12468665041163,49.44271909999159,29.981010333715957,10.046483124690164,-10.046483124690145,-29.981010333715936,-49.442719099991535,-68.12468665041163,-85.7322871966395,-101.98783835979036,-116.63498038742581,-129.44271909999156,-140.20906880701818,-148.7642377421202,-154.97330578058094,-158.73835221031644,-160.0,-158.73835221031646,-154.973305780581,-148.76423774212023,-140.20906880701816,-129.44271909999165,-116.6349803874259,-101.98783835979032,-85.73228719663942,-68.12468665041155,-49.442719099991606,-29.98101033371594,-10.046483124690113,10.046483124690052,29.981010333715883,49.44271909999156,68.12468665041149,85.73228719663948,101.98783835979029,116.63498038742581,129.44271909999156,140.2090688070181,148.76423774212023,154.97330578058094,158.73835221031644,160.0,158.73835221031646,154.97330578058097,148.7642377421202,140.2090688070182,129.44271909999162,116.63498038742586,101.98783835979044,85.73228719663943,68.12468665041169,49.44271909999177,29.981010333715957,10.046483124690273,-10.046483124690175,-29.981010333716004,-49.442719099991535,-68.12468665041173,-85.73228719663946,-101.98783835979049,-116.63498038742588,-129.44271909999156,-140.20906880701824,-148.7642377421202,-154.97330578058094,-158.73835221031646,-160.0,-158.73835221031646,-154.97330578058097,-148.76423774212026,-140.20906880701816,-129.44271909999162,-116.63498038742597,-101.98783835979057,-85.73228719663932,-68.12468665041158,-49.442719099991656,-29.981010333716117,-10.046483124690436,10.046483124690015,29.981010333715986,49.44271909999152,68.12468665041146,85.73228719663919,101.98783835979026,116.63498038742587,129.44271909999154,140.20906880701807,148.7642377421202,154.97330578058094,158.73835221031646
159.0,157.746237509002,154.00472261945234,147.83446125623198,139.3327621269743,128.63370210561663,115.90601176000443,101.35041437004168,85.19646040166045,67.69890735884655,49.13370210561664,29.793629019130233,9.98369260516085,-9.983692605160831,-29.79362901913021,-49.13370210561659,-67.69890735884657,-85.1964604016605,-101.35041437004168,-115.9060117600044,-128.63370210561663,-139.3327621269743,-147.83446125623198,-154.00472261945234,-157.74623750900196,-159.0,-157.746237509002,-154.00472261945237,-147.83446125623198,-139.3327621269743,-128.6337021056167,-115.90601176000449,-101.35041437004163,-85.19646040166042,-67.69890735884647,-49.13370210561666,-29.793629019130215,-9.9836926051608,9.98369260516074,29.793629019130158,49.13370210561661,67.69890735884643,85.19646040166049,101.3504143700416,115.9060117600044,128.63370210561663,139.33276212697425,147.83446125623198,154.00472261945234,157.74623750900196,159.0,157.746237509002,154.00472261945234,147.83446125623198,139.33276212697436,128.63370210561666,115.90601176000443,101.35041437004176,85.19646040166043,67.69890735884661,49.13370210561682,29.793629019130233,9.98369260516096,-9.983692605160861,-29.79362901913028,-49.13370210561659,-67.69890735884665,-85.19646040166047,-101.35041437004179,-115.90601176000447,-128.6337021056166,-139.33276212697436,-147.83446125623198,-154.00472261945234,-157.746237509002,-159.0,-157.746237509002,-154.00472261945234,-147.834461256232,-139.3327621269743,-128.6337021056167,-115.90601176000456,-101.35041437004188,-85.19646040166033,-67.69890735884651,-49.133702105616706,-29.793629019130393,-9.98369260516112,9.983692605160703,29.79362901913026,49.13370210561657,67.69890735884638,85.1964604016602,101.35041437004156,115.90601176000446,128.63370210561658,139.33276212697422,147.83446125623198,154.00472261945234,157.746237509002
158.0,156.7541228076875,153.0361394583237,146.90468477034372,138.45645544693045,127.82468511124169,115.17704313258302,100.71299038029298,84.66063360668146,67.27312806728148,48.8246851112417,29.606247704544508,9.920902085631537,-9.920902085631518,-29.606247704544487,-48.82468511124164,-67.27312806728149,-84.6606336066815,-100.71299038029298,-115.177043132583,-127.82468511124168,-138.45645544693045,-146.90468477034372,-153.0361394583237,-156.75412280768748,-158.0,-156.7541228076875,-153.03613945832373,-146.90468477034372,-138.45645544693042,-127.82468511124175,-115.17704313258308,-100.71299038029295,-84.66063360668142,-67.2731280672814,-48.82468511124171,-29.60624770454449,-9.920902085631488,9.920902085631427,29.606247704544433,48.82468511124166,67.27312806728135,84.66063360668149,100.71299038029291,115.177043132583,127.82468511124168,138.45645544693036,146.90468477034372,153.0361394583237,156.75412280768748,158.0,156.7541228076875,153.0361394583237,146.90468477034372,138.45645544693048,127.82468511124172,115.17704313258302,100.71299038029306,84.66063360668144,67.27312806728155,48.82468511124187,29.606247704544508,9.920902085631644,-9.920902085631548,-29.606247704544554,-48.82468511124164,-67.27312806728159,-84.66063360668147,-100.7129903802931,-115.17704313258307,-127.82468511124166,-138.4564554469305,-146.90468477034372,-153.0361394583237,-156.7541228076875,-158.0,-156.7541228076875,-153.0361394583237,-146.90468477034378,-138.45645544693042,-127.82468511124173,-115.17704313258315,-100.71299038029319,-84.66063360668133,-67.27312806728143,-48.824685111241756,-29.606247704544668,-9.920902085631806,9.92090208563139,29.606247704544536,48.82468511124163,67.27312806728132,84.6606336066812,100.71299038029288,115.17704313258304,127.82468511124165,138.45645544693036,146.90468477034372,153.0361394583237,156.7541228076875
157.0,155.76200810637303,152.06755629719507,145.97490828445547,137.5801487668866,127.01566811686675,114.44807450516161,100.0755663905443,84.12480681170246,66.84734877571641,48.51566811686675,29.418866389958783,9.858111566102224,-9.858111566102204,-29.41886638995876,-48.5156681168667,-66.84734877571641,-84.12480681170251,-100.0755663905443,-114.44807450516159,-127.01566811686673,-137.5801487668866,-145.97490828445547,-152.06755629719507,-155.762008106373,-157.0,-155.76200810637303,-152.0675562971951,-145.97490828445547,-137.58014876688657,-127.0156681168668,-114.44807450516167,-100.07556639054425,-84.12480681170243,-66.84734877571633,-48.51566811686677,-29.418866389958765,-9.858111566102174,9.858111566102115,29.41886638995871,48.51566811686671,66.84734877571627,84.1248068117025,100.07556639054422,114.44807450516159,127.01566811686673,137.5801487668865,145.97490828445547,152.06755629719507,155.762008106373,157.0,155.76200810637303,152.06755629719507,145.97490828445547,137.58014876688662,127.01566811686676,114.44807450516161,100.07556639054438,84.12480681170244,66.84734877571647,48.51566811686693,29.418866389958783,9.85811156610233,-9.858111566102234,-29.41886638995883,-48.5156681168667,-66.84734877571651,-84.12480681170247,-100.07556639054441,-114.44807450516164,-127.01566811686672,-137.58014876688662,-145.97490828445547,-152.06755629719507,-155.76200810637303,-157.0,-155.76200810637303,-152.06755629719507,-145.97490828445552,-137.58014876688657,-127.01566811686679,-114.44807450516174,-100.0755663905445,-84.12480681170234,-66.84734877571637,-48.51566811686681,-29.41886638995894,-9.85811156610249,9.858111566102078,29.41886638995881,48.51566811686668,66.84734877571624,84.12480681170221,100.07556639054418,114.44807450516163,127.01566811686669,137.5801487668865,145.97490828445547,152.06755629719507,155.76200810637303
156.0,154.76989340505855,151.09897313606643,145.04513179856724,136.7038420868427,126.2066511224918,113.7191058777402,99.4381424007956,83.58898001672347,66.42156948415133,48.206651122491806,29.231485075373058,9.79532104657291,-9.79532104657289,-29.231485075373037,-48.20665112249175,-66.42156948415135,-83.58898001672351,-99.4381424007956,-113.71910587774016,-126.20665112249179,-136.7038420868427,-145.0451317985672,-151.09897313606643,-154.76989340505853,-156.0,-154.76989340505855,-151.09897313606646,-145.04513179856724,-136.7038420868427,-126.20665112249185,-113.71910587774025,-99.43814240079557,-83.58898001672343,-66.42156948415126,-48.20665112249182,-29.23148507537304,-9.79532104657286,9.795321046572802,29.231485075372987,48.20665112249177,66.4215694841512,83.5889800167235,99.43814240079553,113.71910587774016,126.20665112249179,136.70384208684266,145.04513179856724,151.09897313606643,154.76989340505853,156.0,154.76989340505855,151.09897313606643,145.0451317985672,136.70384208684274,126.20665112249182,113.7191058777402,99.43814240079568,83.58898001672344,66.42156948415139,48.20665112249198,29.231485075373058,9.795321046573017,-9.795321046572921,-29.231485075373104,-48.20665112249175,-66.42156948415143,-83.58898001672348,-99.43814240079573,-113.71910587774023,-126.20665112249176,-136.70384208684277,-145.0451317985672,-151.09897313606643,-154.76989340505855,-156.0,-154.76989340505855,-151.09897313606643,-145.04513179856727,-136.7038420868427,-126.20665112249183,-113.71910587774032,-99.43814240079581,-83.58898001672334,-66.42156948415129,-48.20665112249186,-29.231485075373214,-9.795321046573175,9.795321046572765,29.231485075373087,48.206651122491735,66.42156948415116,83.58898001672321,99.4381424007955,113.71910587774022,126.20665112249175,136.70384208684263,145.0451317985672,151.09897313606643,154.76989340505855
155.0,153.77777870374408,150.13038997493783,144.115355312679,135.82753540679886,125.39763412811685,112.9901372503188,98.80071841104692,83.05315322174447,65.99579019258626,47.897634128116856,29.044103760787333,9.732530527043597,-9.732530527043577,-29.044103760787312,-47.897634128116806,-65.99579019258627,-83.05315322174452,-98.80071841104692,-112.99013725031875,-125.39763412811683,-135.82753540679886,-144.11535531267896,-150.1303899749378,-153.77777870374405,-155.0,-153.77777870374408,-150.13038997493783,-144.115355312679,-135.82753540679883,-125.3976341281169,-112.99013725031884,-98.80071841104687,-83.05315322174442,-65.99579019258618,-47.89763412811687,-29.04410376078732,-9.732530527043547,9.732530527043489,29.044103760787262,47.89763412811682,65.99579019258613,83.0531532217445,98.80071841104684,112.99013725031875,125.39763412811683,135.82753540679877,144.115355312679,150.1303899749378,153.77777870374405,155.0,153.77777870374408,150.13038997493783,144.11535531267896,135.8275354067989,125.39763412811688,112.9901372503188,98.800718411047,83.05315322174445,65.99579019258633,47.897634128117026,29.044103760787333,9.732530527043702,-9.732530527043608,-29.044103760787376,-47.897634128116806,-65.99579019258637,-83.05315322174448,-98.80071841104703,-112.99013725031882,-125.39763412811682,-135.82753540679892,-144.11535531267896,-150.1303899749378,-153.77777870374408,-155.0,-153.77777870374408,-150.13038997493783,-144.11535531267901,-135.82753540679883,-125.39763412811689,-112.99013725031891,-98.80071841104711,-83.05315322174434,-65.99579019258621,-47.89763412811691,-29.04410376078749,-9.73253052704386,9.732530527043453,29.044103760787362,47.897634128116785,65.9957901925861,83.05315322174422,98.8007184110468,112.99013725031881,125.3976341281168,135.82753540679877,144.11535531267896,150.1303899749378,153.77777870374408
154.0,152.7856640024296,149.1618068138092,143.18557882679073,134.951228726755,124.5886171337419,112.26116862289737,98.16329442129822,82.51732642676546,65.57001090102119,47.588617133741906,28.85672244620161,9.669740007514283,-9.669740007514264,-28.856722446201587,-47.588617133741856,-65.57001090102119,-82.51732642676552,-98.16329442129822,-112.26116862289734,-124.58861713374189,-134.951228726755,-143.1855788267907,-149.16180681380916,-152.78566400242957,-154.0,-152.7856640024296,-149.1618068138092,-143.18557882679073,-134.95122872675498,-124.58861713374196,-112.26116862289743,-98.16329442129819,-82.51732642676544,-65.5700109010211,-47.58861713374193,-28.856722446201594,-9.669740007514234,9.669740007514177,28.856722446201537,47.58861713374187,65.57001090102106,82.51732642676551,98.16329442129815,112.26116862289734,124.58861713374189,134.95122872675492,143.18557882679073,149.16180681380916,152.78566400242957,154.0,152.7856640024296,149.1618068138092,143.1855788267907,134.95122872675503,124.58861713374192,112.26116862289737,98.1632944212983,82.51732642676545,65.57001090102125,47.588617133742076,28.85672244620161,9.669740007514388,-9.669740007514294,-28.85672244620165,-47.588617133741856,-65.57001090102129,-82.51732642676548,-98.16329442129835,-112.26116862289742,-124.58861713374188,-134.95122872675503,-143.1855788267907,-149.16180681380916,-152.7856640024296,-154.0,-152.7856640024296,-149.1618068138092,-143.18557882679076,-134.95122872675498,-124.58861713374195,-112.2611686228975,-98.16329442129843,-82.51732642676535,-65.57001090102115,-47.58861713374197,-28.856722446201765,-9.669740007514545,9.66974000751414,28.856722446201637,47.58861713374184,65.57001090102102,82.51732642676522,98.16329442129812,112.2611686228974,124.58861713374186,134.95122872675492,143.1855788267907,149.16180681380916,152.7856640024296
153.0,151.79354930111512,148.19322365268056,142.25580234090248,134.07492204671112,123.77960013936696,111.53219999547596,97.52587043154954,81.98149963178648,65.14423160945611,47.27960013936696,28.669341131615884,9.60694948798497,-9.60694948798495,-28.669341131615862,-47.279600139366906,-65.14423160945613,-81.98149963178652,-97.52587043154954,-111.53219999547593,-123.77960013936695,-134.07492204671112,-142.25580234090245,-148.19322365268053,-151.7935493011151,-153.0,-151.79354930111512,-148.19322365268056,-142.25580234090248,-134.07492204671112,-123.779600139367,-111.53219999547602,-97.52587043154949,-81.98149963178643,-65.14423160945604,-47.27960013936698,-28.66934113161587,-9.60694948798492,9.606949487984863,28.669341131615813,47.27960013936693,65.14423160945599,81.9814996317865,97.52587043154946,111.53219999547593,123.77960013936695,134.07492204671107,142.25580234090248,148.19322365268053,151.7935493011151,153.0,151.79354930111512,148.19322365268056,142.25580234090245,134.07492204671115,123.77960013936698,111.53219999547596,97.52587043154962,81.98149963178645,65.14423160945617,47.27960013936713,28.669341131615884,9.606949487985073,-9.60694948798498,-28.669341131615926,-47.279600139366906,-65.14423160945621,-81.98149963178649,-97.52587043154965,-111.532199995476,-123.77960013936692,-134.07492204671118,-142.25580234090245,-148.19322365268053,-151.79354930111512,-153.0,-151.79354930111512,-148.19322365268056,-142.2558023409025,-134.07492204671112,-123.77960013936699,-111.53219999547609,-97.52587043154973,-81.98149963178635,-65.14423160945607,-47.27960013936702,-28.669341131616036,-9.60694948798523,9.606949487984828,28.669341131615912,47.27960013936689,65.14423160945596,81.98149963178624,97.52587043154944,111.53219999547598,123.7796001393669,134.07492204671104,142.25580234090245,148.19322365268053,151.79354930111512
152.0,150.80143459980064,147.22464049155192,141.32602585501422,133.19861536666727,122.97058314499202,110.80323136805455,96.88844644180084,81.44567283680747,64.71845231789105,46.97058314499201,28.48195981703016,9.544158968455656,-9.544158968455637,-28.481959817030138,-46.97058314499196,-64.71845231789105,-81.44567283680753,-96.88844644180084,-110.80323136805453,-122.97058314499199,-133.19861536666727,-141.3260258550142,-147.2246404915519,-150.80143459980061,-152.0,-150.80143459980064,-147.22464049155195,-141.32602585501422,-133.19861536666724,-122.97058314499206,-110.80323136805461,-96.88844644180081,-81.44567283680745,-64.71845231789096,-46.97058314499203,-28.481959817030145,-9.544158968455607,9.54415896845555,28.481959817030088,46.97058314499198,64.71845231789092,81.4456728368075,96.88844644180077,110.80323136805453,122.97058314499199,133.19861536666718,141.32602585501422,147.2246404915519,150.80143459980061,152.0,150.80143459980064,147.22464049155192,141.3260258550142,133.1986153666673,122.97058314499203,110.80323136805455,96.88844644180092,81.44567283680746,64.7184523178911,46.97058314499218,28.48195981703016,9.54415896845576,-9.544158968455667,-28.4819598170302,-46.97058314499196,-64.71845231789115,-81.44567283680749,-96.88844644180097,-110.80323136805458,-122.97058314499198,-133.19861536666733,-141.3260258550142,-147.2246404915519,-150.80143459980064,-152.0,-150.80143459980064,-147.22464049155192,-141.32602585501425,-133.19861536666724,-122.97058314499205,-110.80323136805467,-96.88844644180105,-81.44567283680736,-64.718452317891,-46.97058314499207,-28.48195981703031,-9.544158968455914,9.544158968455514,28.481959817030187,46.97058314499195,64.71845231789088,81.44567283680723,96.88844644180074,110.80323136805457,122.97058314499196,133.19861536666718,141.3260258550142,147.2246404915519,150.80143459980064
151.0,149.80931989848617,146.2560573304233,140.39624936912597,132.3223086866234,122.16156615061706,110.07426274063315,96.25102245205215,80.90984604182847,64.29267302632597,46.66156615061706,28.294578502444434,9.481368448926343,-9.481368448926323,-28.294578502444416,-46.66156615061701,-64.29267302632599,-80.90984604182853,-96.25102245205215,-110.07426274063312,-122.16156615061705,-132.3223086866234,-140.39624936912594,-146.2560573304233,-149.80931989848614,-151.0,-149.80931989848617,-146.25605733042332,-140.39624936912597,-132.3223086866234,-122.16156615061712,-110.07426274063319,-96.25102245205211,-80.90984604182844,-64.2926730263259,-46.661566150617084,-28.29457850244442,-9.481368448926295,9.481368448926238,28.294578502444363,46.661566150617034,64.29267302632584,80.90984604182852,96.25102245205208,110.07426274063312,122.16156615061705,132.32230868662333,140.39624936912597,146.2560573304233,149.80931989848614,151.0,149.80931989848617,146.2560573304233,140.39624936912594,132.32230868662344,122.16156615061708,110.07426274063315,96.25102245205224,80.90984604182846,64.29267302632603,46.66156615061723,28.294578502444434,9.481368448926446,-9.481368448926354,-28.294578502444477,-46.66156615061701,-64.29267302632607,-80.9098460418285,-96.25102245205227,-110.07426274063317,-122.16156615061703,-132.32230868662344,-140.39624936912594,-146.2560573304233,-149.80931989848617,-151.0,-149.80931989848617,-146.2560573304233,-140.396249369126,-132.3223086866234,-122.1615661506171,-110.07426274063326,-96.25102245205235,-80.90984604182836,-64.29267302632593,-46.661566150617126,-28.294578502444587,-9.481368448926599,9.481368448926203,28.294578502444462,46.661566150617,64.29267302632582,80.90984604182825,96.25102245205206,110.07426274063316,122.16156615061702,132.32230868662333,140.39624936912594,146.2560573304233,149.80931989848617
150.0,148.8172051971717,145.28747416929465,139.4664728832377,131.44600200657953,121.35254915624212,109.34529411321174,95.61359846230346,80.37401924684949,63.8668937347609,46.35254915624212,28.10719718785871,9.41857792939703,-9.41857792939701,-28.10719718785869,-46.35254915624207,-63.86689373476091,-80.37401924684953,-95.61359846230346,-109.3452941132117,-121.3525491562421,-131.44600200657953,-139.4664728832377,-145.28747416929465,-148.81720519717166,-150.0,-148.8172051971717,-145.28747416929468,-139.4664728832377,-131.44600200657953,-121.35254915624216,-109.34529411321178,-95.61359846230343,-80.37401924684944,-63.86689373476082,-46.352549156242134,-28.107197187858695,-9.418577929396982,9.418577929396925,28.10719718785864,46.352549156242084,63.86689373476077,80.37401924684951,95.6135984623034,109.3452941132117,121.3525491562421,131.44600200657948,139.4664728832377,145.28747416929465,148.81720519717166,150.0,148.8172051971717,145.28747416929465,139.4664728832377,131.44600200657956,121.35254915624213,109.34529411321174,95.61359846230354,80.37401924684947,63.86689373476096,46.35254915624228,28.10719718785871,9.41857792939713,-9.41857792939704,-28.107197187858752,-46.35254915624207,-63.866893734761,-80.3740192468495,-95.61359846230359,-109.34529411321176,-121.35254915624209,-131.4460020065796,-139.4664728832377,-145.28747416929465,-148.8172051971717,-150.0,-148.8172051971717,-145.28747416929465,-139.46647288323774,-131.44600200657953,-121.35254915624215,-109.34529411321185,-95.61359846230366,-80.37401924684937,-63.86689373476086,-46.352549156242176,-28.107197187858862,-9.418577929397284,9.41857792939689,28.107197187858738,46.35254915624205,63.866893734760744,80.37401924684924,95.61359846230336,109.34529411321175,121.35254915624206,131.44600200657945,139.4664728832377,145.28747416929465,148.8172051971717
149.0,147.8250904958572,144.31889100816602,138.53669639734946,130.56969532653568,120.54353216186718,108.61632548579033,94.97617447255477,79.83819245187048,63.44111444319583,46.04353216186717,27.919815873272988,9.355787409867716,-9.355787409867697,-27.919815873272967,-46.04353216186712,-63.441114443195836,-79.83819245187054,-94.97617447255477,-108.61632548579028,-120.54353216186715,-130.56969532653568,-138.53669639734946,-144.31889100816602,-147.82509049585718,-149.0,-147.8250904958572,-144.31889100816605,-138.53669639734946,-130.56969532653565,-120.54353216186722,-108.61632548579037,-94.97617447255475,-79.83819245187046,-63.44111444319575,-46.043532161867184,-27.91981587327297,-9.355787409867668,9.355787409867611,27.919815873272917,46.043532161867134,63.4411144431957,79.83819245187051,94.9761744725547,108.61632548579028,120.54353216186715,130.5696953265356,138.53669639734946,144.31889100816602,147.82509049585718,149.0,147.8250904958572,144.31889100816602,138.53669639734946,130.5696953265357,120.54353216186719,108.61632548579033,94.97617447255486,79.83819245187047,63.441114443195886,46.04353216186733,27.919815873272988,9.355787409867817,-9.355787409867725,-27.919815873273027,-46.04353216186712,-63.44111444319593,-79.8381924518705,-94.97617447255489,-108.61632548579036,-120.54353216186713,-130.56969532653574,-138.53669639734946,-144.31889100816602,-147.8250904958572,-149.0,-147.8250904958572,-144.31889100816602,-138.5366963973495,-130.56969532653565,-120.5435321618672,-108.61632548579044,-94.97617447255497,-79.83819245187037,-63.44111444319579,-46.043532161867226,-27.919815873273134,-9.355787409867968,9.355787409867578,27.91981587327301,46.043532161867105,63.441114443195666,79.83819245187026,94.97617447255467,108.61632548579034,120.54353216186712,130.5696953265356,138.53669639734946,144.31889100816602,147.8250904958572
148.0,146.83297579454273,143.3503078470374,137.6069199114612,129.6933886464918,119.73451516749222,107.8873568583689,94.33875048280608,79.30236565689148,63.01533515163075,45.73451516749222,27.732434558687263,9.292996890338403,-9.292996890338383,-27.732434558687242,-45.73451516749218,-63.015335151630765,-79.30236565689154,-94.33875048280608,-107.88735685836888,-119.7345151674922,-129.6933886464918,-137.6069199114612,-143.35030784703739,-146.8329757945427,-148.0,-146.83297579454273,-143.3503078470374,-137.6069199114612,-129.6933886464918,-119.73451516749228,-107.88735685836896,-94.33875048280605,-79.30236565689145,-63.01533515163068,-45.73451516749224,-27.732434558687245,-9.292996890338355,9.2929968903383,27.732434558687192,45.73451516749219,63.01533515163063,79.30236565689152,94.33875048280602,107.88735685836888,119.7345151674922,129.69338864649174,137.6069199114612,143.35030784703739,146.8329757945427,148.0,146.83297579454273,143.3503078470374,137.6069199114612,129.69338864649185,119.73451516749223,107.8873568583689,94.33875048280616,79.30236565689147,63.01533515163081,45.73451516749239,27.732434558687263,9.292996890338502,-9.292996890338411,-27.732434558687302,-45.73451516749218,-63.01533515163085,-79.30236565689151,-94.33875048280619,-107.88735685836895,-119.73451516749219,-129.69338864649185,-137.6069199114612,-143.35030784703739,-146.83297579454273,-148.0,-146.83297579454273,-143.3503078470374,-137.60691991146126,-129.6933886464918,-119.73451516749226,-107.88735685836903,-94.33875048280628,-79.30236565689137,-63.015335151630715,-45.73451516749228,-27.73243455868741,-9.292996890338653,9.292996890338264,27.732434558687284,45.734515167492155,63.015335151630595,79.30236565689125,94.33875048280598,107.88735685836893,119.73451516749218,129.69338864649174,137.6069199114612,143.35030784703739,146.83297579454273
147.0,145.84086109322826,142.38172468590878,136.67714342557295,128.81708196644794,118.92549817311728,107.1583882309475,93.7013264930574,78.7665388619125,62.58955586006568,45.425498173117276,27.54505324410154,9.23020637080909,-9.23020637080907,-27.545053244101517,-45.42549817311723,-62.58955586006569,-78.76653886191254,-93.7013264930574,-107.15838823094747,-118.92549817311726,-128.81708196644794,-136.67714342557295,-142.38172468590875,-145.84086109322823,-147.0,-145.84086109322826,-142.38172468590878,-136.67714342557295,-128.81708196644794,-118.92549817311732,-107.15838823094755,-93.70132649305737,-78.76653886191247,-62.58955586006561,-45.42549817311729,-27.54505324410152,-9.230206370809041,9.230206370808986,27.545053244101467,45.42549817311724,62.58955586006556,78.76653886191252,93.70132649305732,107.15838823094747,118.92549817311726,128.8170819664479,136.67714342557295,142.38172468590875,145.84086109322823,147.0,145.84086109322826,142.38172468590878,136.67714342557295,128.81708196644797,118.92549817311729,107.1583882309475,93.70132649305748,78.76653886191248,62.58955586006574,45.42549817311744,27.54505324410154,9.230206370809189,-9.230206370809098,-27.545053244101577,-45.42549817311723,-62.58955586006578,-78.76653886191251,-93.70132649305751,-107.15838823094754,-118.92549817311725,-128.817081966448,-136.67714342557295,-142.38172468590875,-145.84086109322826,-147.0,-145.84086109322826,-142.38172468590878,-136.677143425573,-128.81708196644794,-118.9254981731173,-107.15838823094761,-93.70132649305759,-78.76653886191238,-62.58955586006564,-45.42549817311733,-27.545053244101684,-9.230206370809338,9.230206370808952,27.54505324410156,45.42549817311721,62.58955586006552,78.76653886191227,93.7013264930573,107.15838823094751,118.92549817311722,128.81708196644786,136.67714342557295,142.38172468590875,145.84086109322826
146.0,144.84874639191378,141.41314152478014,135.74736693968472,127.94077528640409,118.11648117874233,106.42941960352609,93.0639025033087,78.23071206693349,62.16377656850061,45.116481178742326,27.357671929515814,9.167415851279776,-9.167415851279756,-27.357671929515792,-45.116481178742276,-62.163776568500616,-78.23071206693355,-93.0639025033087,-106.42941960352606,-118.1164811787423,-127.94077528640409,-135.7473669396847,-141.41314152478012,-144.84874639191375,-146.0,-144.84874639191378,-141.41314152478014,-135.74736693968472,-127.94077528640406,-118.11648117874238,-106.42941960352614,-93.06390250330867,-78.23071206693346,-62.16377656850054,-45.11648117874235,-27.357671929515796,-9.167415851279728,9.167415851279674,27.357671929515742,45.1164811787423,62.16377656850049,78.23071206693353,93.06390250330864,106.42941960352606,118.1164811787423,127.94077528640402,135.74736693968472,141.41314152478012,144.84874639191375,146.0,144.84874639191378,141.41314152478014,135.7473669396847,127.94077528640412,118.11648117874235,106.42941960352609,93.06390250330878,78.23071206693348,62.163776568500666,45.11648117874249,27.357671929515814,9.167415851279873,-9.167415851279785,-27.357671929515853,-45.116481178742276,-62.16377656850071,-78.2307120669335,-93.06390250330881,-106.42941960352611,-118.11648117874229,-127.94077528640413,-135.7473669396847,-141.41314152478012,-144.84874639191378,-146.0,-144.84874639191378,-141.41314152478014,-135.74736693968475,-127.94077528640406,-118.11648117874236,-106.4294196035262,-93.0639025033089,-78.23071206693338,-62.163776568500566,-45.11648117874238,-27.35767192951596,-9.167415851280023,9.167415851279639,27.357671929515835,45.11648117874226,62.16377656850045,78.23071206693326,93.06390250330861,106.4294196035261,118.11648117874228,127.940775286404,135.7473669396847,141.41314152478012,144.84874639191378
145.0,143.8566316905993,140.4445583636515,134.81759045379647,127.06446860636022,117.30746418436738,105.70045097610468,92.42647851356001,77.6948852719545,61.73799727693554,44.80746418436738,27.17029061493009,9.104625331750462,-9.104625331750443,-27.170290614930067,-44.80746418436733,-61.737997276935545,-77.69488527195455,-92.42647851356001,-105.70045097610465,-117.30746418436736,-127.06446860636022,-134.81759045379644,-140.44455836365148,-143.85663169059927,-145.0,-143.8566316905993,-140.4445583636515,-134.81759045379647,-127.06446860636021,-117.30746418436743,-105.70045097610472,-92.42647851355999,-77.69488527195446,-61.73799727693547,-44.8074641843674,-27.17029061493007,-9.104625331750414,9.104625331750361,27.170290614930018,44.80746418436735,61.73799727693542,77.69488527195453,92.42647851355994,105.70045097610465,117.30746418436736,127.06446860636015,134.81759045379647,140.44455836365148,143.85663169059927,145.0,143.8566316905993,140.4445583636515,134.81759045379644,127.06446860636025,117.30746418436739,105.70045097610468,92.4264785135601,77.69488527195448,61.737997276935594,44.80746418436754,27.17029061493009,9.10462533175056,-9.104625331750471,-27.170290614930128,-44.80746418436733,-61.73799727693563,-77.69488527195452,-92.42647851356013,-105.7004509761047,-117.30746418436735,-127.06446860636026,-134.81759045379644,-140.44455836365148,-143.8566316905993,-145.0,-143.8566316905993,-140.4445583636515,-134.8175904537965,-127.06446860636021,-117.30746418436742,-105.70045097610479,-92.42647851356021,-77.69488527195439,-61.737997276935495,-44.80746418436744,-27.17029061493023,-9.104625331750707,9.104625331750327,27.17029061493011,44.80746418436732,61.73799727693538,77.69488527195428,92.42647851355991,105.70045097610469,117.30746418436733,127.06446860636014,134.81759045379644,140.44455836365148,143.8566316905993
144.0,142.86451698928482,139.47597520252287,133.88781396790822,126.18816192631635,116.49844718999243,104.97148234868327,91.78905452381133,77.1590584769755,61.31221798537047,44.49844718999243,26.982909300344364,9.041834812221147,-9.04183481222113,-26.982909300344343,-44.49844718999238,-61.312217985370474,-77.15905847697555,-91.78905452381133,-104.97148234868322,-116.49844718999242,-126.18816192631635,-133.8878139679082,-139.47597520252285,-142.8645169892848,-144.0,-142.86451698928482,-139.4759752025229,-133.88781396790822,-126.18816192631634,-116.49844718999248,-104.97148234868331,-91.78905452381129,-77.15905847697547,-61.31221798537039,-44.49844718999245,-26.982909300344346,-9.041834812221103,9.041834812221047,26.982909300344296,44.498447189992405,61.312217985370346,77.15905847697553,91.78905452381126,104.97148234868322,116.49844718999242,126.1881619263163,133.88781396790822,139.47597520252285,142.8645169892848,144.0,142.86451698928482,139.47597520252287,133.8878139679082,126.18816192631638,116.49844718999245,104.97148234868327,91.7890545238114,77.15905847697549,61.312217985370516,44.49844718999259,26.982909300344364,9.041834812221246,-9.041834812221158,-26.982909300344403,-44.49844718999238,-61.31221798537056,-77.15905847697552,-91.78905452381143,-104.9714823486833,-116.4984471899924,-126.18816192631641,-133.8878139679082,-139.47597520252285,-142.86451698928482,-144.0,-142.86451698928482,-139.47597520252287,-133.88781396790824,-126.18816192631634,-116.49844718999246,-104.97148234868338,-91.78905452381152,-77.15905847697539,-61.312217985370424,-44.49844718999249,-26.982909300344506,-9.041834812221392,9.041834812221014,26.982909300344385,44.49844718999237,61.31221798537031,77.15905847697528,91.78905452381123,104.97148234868328,116.49844718999239,126.18816192631627,133.8878139679082,139.47597520252285,142.86451698928482
143.0,141.87240228797035,138.50739204139424,132.95803748201996,125.31185524627249,115.68943019561749,104.24251372126186,91.15163053406263,76.6232316819965,60.88643869380539,44.18943019561748,26.79552798575864,8.979044292691833,-8.979044292691816,-26.795527985758618,-44.18943019561744,-60.886438693805395,-76.62323168199656,-91.15163053406263,-104.24251372126182,-115.68943019561748,-125.31185524627249,-132.95803748201993,-138.50739204139424,-141.87240228797032,-143.0,-141.87240228797035,-138.50739204139427,-132.95803748201996,-125.31185524627247,-115.68943019561753,-104.2425137212619,-91.1516305340626,-76.62323168199647,-60.88643869380532,-44.189430195617504,-26.79552798575862,-8.979044292691789,8.979044292691736,26.79552798575857,44.189430195617454,60.886438693805275,76.62323168199654,91.15163053406258,104.24251372126182,115.68943019561748,125.31185524627243,132.95803748201996,138.50739204139424,141.87240228797032,143.0,141.87240228797035,138.50739204139424,132.95803748201993,125.31185524627253,115.6894301956175,104.24251372126186,91.15163053406272,76.62323168199649,60.886438693805445,44.189430195617646,26.79552798575864,8.979044292691931,-8.979044292691844,-26.795527985758678,-44.18943019561744,-60.88643869380549,-76.62323168199651,-91.15163053406275,-104.24251372126189,-115.68943019561745,-125.31185524627254,-132.95803748201993,-138.50739204139424,-141.87240228797035,-143.0,-141.87240228797035,-138.50739204139424,-132.95803748202,-125.31185524627247,-115.68943019561752,-104.24251372126196,-91.15163053406282,-76.6232316819964,-60.88643869380535,-44.18943019561754,-26.79552798575878,-8.979044292692077,8.979044292691702,26.79552798575866,44.18943019561742,60.88643869380524,76.62323168199629,91.15163053406253,104.24251372126187,115.68943019561743,125.31185524627242,132.95803748201993,138.50739204139424,141.87240228797035
142.0,140.88028758665587,137.5388088802656,132.0282609961317,124.43554856622863,114.88041320124253,103.51354509384043,90.51420654431395,76.08740488701751,60.46065940224032,43.88041320124254,26.608146671172914,8.91625377316252,-8.916253773162502,-26.608146671172893,-43.88041320124249,-60.460659402240324,-76.08740488701756,-90.51420654431395,-103.5135450938404,-114.88041320124252,-124.43554856622863,-132.02826099613168,-137.5388088802656,-140.88028758665584,-142.0,-140.88028758665587,-137.53880888026563,-132.0282609961317,-124.43554856622862,-114.88041320124259,-103.51354509384049,-90.51420654431391,-76.08740488701748,-60.460659402240246,-43.880413201242554,-26.608146671172896,-8.916253773162476,8.916253773162422,26.608146671172847,43.880413201242504,60.460659402240196,76.08740488701754,90.51420654431388,103.5135450938404,114.88041320124252,124.43554856622856,132.0282609961317,137.5388088802656,140.88028758665584,142.0,140.88028758665587,137.5388088802656,132.02826099613168,124.43554856622866,114.88041320124255,103.51354509384043,90.51420654431402,76.0874048870175,60.460659402240374,43.880413201242696,26.608146671172914,8.916253773162618,-8.91625377316253,-26.608146671172953,-43.88041320124249,-60.46065940224041,-76.08740488701753,-90.51420654431405,-103.51354509384048,-114.8804132012425,-124.43554856622868,-132.02826099613168,-137.5388088802656,-140.88028758665587,-142.0,-140.88028758665587,-137.5388088802656,-132.02826099613173,-124.43554856622862,-114.88041320124258,-103.51354509384055,-90.51420654431413,-76.0874048870174,-60.46065940224028,-43.8804132012426,-26.608146671173056,-8.916253773162762,8.916253773162389,26.608146671172936,43.880413201242476,60.46065940224017,76.08740488701729,90.51420654431385,103.51354509384046,114.88041320124249,124.43554856622855,132.02826099613168,137.5388088802656,140.88028758665587
141.0,139.8881728853414,136.57022571913697,131.09848451024345,123.55924188618476,114.07139620686759,102.78457646641903,89.87678255456525,75.55157809203851,60.034880110675246,43.57139620686759,26.42076535658719,8.853463253633207,-8.853463253633189,-26.420765356587168,-43.57139620686755,-60.03488011067525,-75.55157809203855,-89.87678255456525,-102.784576466419,-114.07139620686758,-123.55924188618476,-131.09848451024345,-136.57022571913697,-139.88817288534136,-141.0,-139.8881728853414,-136.570225719137,-131.09848451024345,-123.55924188618475,-114.07139620686763,-102.78457646641908,-89.87678255456522,-75.55157809203848,-60.034880110675175,-43.571396206867604,-26.42076535658717,-8.853463253633162,8.853463253633109,26.420765356587122,43.57139620686756,60.034880110675125,75.55157809203854,89.8767825545652,102.784576466419,114.07139620686758,123.55924188618471,131.09848451024345,136.57022571913697,139.88817288534136,141.0,139.8881728853414,136.57022571913697,131.09848451024345,123.5592418861848,114.0713962068676,102.78457646641903,89.87678255456534,75.5515780920385,60.0348801106753,43.571396206867746,26.42076535658719,8.853463253633302,-8.853463253633217,-26.42076535658723,-43.57139620686755,-60.03488011067534,-75.55157809203853,-89.87678255456537,-102.78457646641905,-114.07139620686756,-123.55924188618481,-131.09848451024345,-136.57022571913697,-139.8881728853414,-141.0,-139.8881728853414,-136.57022571913697,-131.09848451024348,-123.55924188618475,-114.07139620686762,-102.78457646641914,-89.87678255456544,-75.5515780920384,-60.0348801106752,-43.57139620686765,-26.420765356587328,-8.853463253633446,8.853463253633077,26.42076535658721,43.571396206867526,60.0348801106751,75.5515780920383,89.87678255456515,102.78457646641904,114.07139620686755,123.5592418861847,131.09848451024345,136.57022571913697,139.8881728853414
140.0,138.8960581840269,135.60164255800834,130.1687080243552,122.6829352061409,113.26237921249265,102.05560783899762,89.23935856481657,75.01575129705952,59.609100819110175,43.26237921249265,26.233384042001465,8.790672734103893,-8.790672734103877,-26.233384042001443,-43.2623792124926,-59.60910081911018,-75.01575129705957,-89.23935856481657,-102.05560783899759,-113.26237921249263,-122.6829352061409,-130.1687080243552,-135.60164255800834,-138.89605818402688,-140.0,-138.8960581840269,-135.60164255800836,-130.1687080243552,-122.68293520614088,-113.26237921249269,-102.05560783899766,-89.23935856481653,-75.01575129705948,-59.609100819110104,-43.26237921249266,-26.233384042001447,-8.790672734103849,8.790672734103797,26.233384042001397,43.26237921249261,59.609100819110054,75.01575129705955,89.2393585648165,102.05560783899759,113.26237921249263,122.68293520614084,130.1687080243552,135.60164255800834,138.89605818402688,140.0,138.8960581840269,135.60164255800834,130.1687080243552,122.68293520614094,113.26237921249266,102.05560783899762,89.23935856481664,75.0157512970595,59.609100819110225,43.262379212492796,26.233384042001465,8.790672734103989,-8.790672734103904,-26.233384042001504,-43.2623792124926,-59.60910081911027,-75.01575129705954,-89.23935856481667,-102.05560783899764,-113.26237921249262,-122.68293520614095,-130.1687080243552,-135.60164255800834,-138.8960581840269,-140.0,-138.8960581840269,-135.60164255800834,-130.16870802435523,-122.68293520614088,-113.26237921249268,-102.05560783899773,-89.23935856481675,-75.01575129705941,-59.60910081911013,-43.2623792124927,-26.233384042001603,-8.790672734104131,8.790672734103763,26.233384042001486,43.26237921249258,59.609100819110026,75.0157512970593,89.23935856481647,102.05560783899763,113.26237921249259,122.68293520614083,130.1687080243552,135.60164255800834,138.8960581840269
139.0,137.90394348271244,134.63305939687973,129.23893153846694,121.80662852609704,112.45336221811769,101.32663921157621,88.60193457506787,74.47992450208052,59.1833215275451,42.9533622181177,26.04600272741574,8.72788221457458,-8.727882214574564,-26.04600272741572,-42.95336221811765,-59.183321527545104,-74.47992450208056,-88.60193457506787,-101.32663921157618,-112.45336221811768,-121.80662852609704,-129.23893153846694,-134.6330593968797,-137.9039434827124,-139.0,-137.90394348271244,-134.63305939687973,-129.23893153846694,-121.80662852609703,-112.45336221811775,-101.32663921157625,-88.60193457506784,-74.4799245020805,-59.18332152754503,-42.95336221811771,-26.046002727415722,-8.727882214574535,8.727882214574484,26.046002727415672,42.95336221811767,59.18332152754498,74.47992450208055,88.60193457506782,101.32663921157618,112.45336221811768,121.80662852609697,129.23893153846694,134.6330593968797,137.9039434827124,139.0,137.90394348271244,134.63305939687973,129.23893153846694,121.80662852609707,112.45336221811772,101.32663921157621,88.60193457506796,74.47992450208051,59.183321527545154,42.95336221811785,26.04600272741574,8.727882214574676,-8.72788221457459,-26.04600272741578,-42.95336221811765,-59.18332152754519,-74.47992450208054,-88.60193457506799,-101.32663921157624,-112.45336221811766,-121.80662852609709,-129.23893153846694,-134.6330593968797,-137.90394348271244,-139.0,-137.90394348271244,-134.63305939687973,-129.23893153846697,-121.80662852609703,-112.45336221811773,-101.3266392115763,-88.60193457506806,-74.47992450208041,-59.18332152754506,-42.953362218117746,-26.04600272741588,-8.727882214574816,8.727882214574452,26.04600272741576,42.95336221811763,59.183321527544955,74.47992450208031,88.60193457506779,101.32663921157622,112.45336221811765,121.80662852609696,129.23893153846694,134.6330593968797,137.90394348271244
138.0,136.91182878139796,133.6644762357511,128.3091550525787,120.93032184605318,111.64434522374275,100.5976705841548,87.96451058531919,73.94409770710152,58.757542235980026,42.64434522374275,25.858621412830015,8.665091695045266,-8.66509169504525,-25.858621412829994,-42.644345223742704,-58.75754223598003,-73.94409770710156,-87.96451058531919,-100.59767058415477,-111.64434522374273,-120.93032184605318,-128.3091550525787,-133.66447623575107,-136.91182878139793,-138.0,-136.91182878139796,-133.6644762357511,-128.3091550525787,-120.93032184605316,-111.64434522374279,-100.59767058415484,-87.96451058531916,-73.94409770710149,-58.757542235979955,-42.64434522374276,-25.858621412829997,-8.665091695045223,8.66509169504517,25.858621412829947,42.64434522374272,58.75754223597991,73.94409770710155,87.96451058531912,100.59767058415477,111.64434522374273,120.93032184605312,128.3091550525787,133.66447623575107,136.91182878139793,138.0,136.91182878139796,133.6644762357511,128.3091550525787,120.9303218460532,111.64434522374276,100.5976705841548,87.96451058531926,73.9440977071015,58.75754223598008,42.6443452237429,25.858621412830015,8.66509169504536,-8.665091695045277,-25.858621412830054,-42.644345223742704,-58.75754223598012,-73.94409770710153,-87.96451058531929,-100.59767058415483,-111.64434522374272,-120.93032184605322,-128.3091550525787,-133.66447623575107,-136.91182878139796,-138.0,-136.91182878139796,-133.6644762357511,-128.30915505257875,-120.93032184605316,-111.64434522374277,-100.5976705841549,-87.96451058531937,-73.94409770710142,-58.75754223597999,-42.6443452237428,-25.858621412830153,-8.6650916950455,8.665091695045138,25.858621412830036,42.64434522374269,58.757542235979884,73.9440977071013,87.96451058531909,100.59767058415481,111.6443452237427,120.9303218460531,128.3091550525787,133.66447623575107,136.91182878139796
137.0,135.91971408008348,132.69589307462246,127.37937856669045,120.05401516600931,110.8353282293678,99.86870195673339,87.32708659557049,73.40827091212253,58.331762944414955,42.3353282293678,25.67124009824429,8.602301175515953,-8.602301175515937,-25.67124009824427,-42.335328229367754,-58.33176294441496,-73.40827091212257,-87.32708659557049,-99.86870195673335,-110.83532822936779,-120.05401516600931,-127.37937856669043,-132.69589307462243,-135.91971408008345,-137.0,-135.91971408008348,-132.69589307462246,-127.37937856669045,-120.0540151660093,-110.83532822936785,-99.86870195673343,-87.32708659557046,-73.40827091212249,-58.33176294441488,-42.33532822936782,-25.671240098244276,-8.60230117551591,8.602301175515858,25.671240098244226,42.33532822936777,58.33176294441484,73.40827091212256,87.32708659557044,99.86870195673335,110.83532822936779,120.05401516600925,127.37937856669045,132.69589307462243,135.91971408008345,137.0,135.91971408008348,132.69589307462246,127.37937856669043,120.05401516600934,110.83532822936782,99.86870195673339,87.32708659557058,73.40827091212252,58.331762944415004,42.33532822936795,25.67124009824429,8.602301175516047,-8.602301175515963,-25.671240098244326,-42.335328229367754,-58.33176294441505,-73.40827091212255,-87.3270865955706,-99.86870195673342,-110.83532822936778,-120.05401516600935,-127.37937856669043,-132.69589307462243,-135.91971408008348,-137.0,-135.91971408008348,-132.69589307462246,-127.37937856669048,-120.0540151660093,-110.83532822936783,-99.86870195673349,-87.32708659557068,-73.40827091212242,-58.33176294441492,-42.33532822936785,-25.671240098244425,-8.602301175516185,8.602301175515827,25.67124009824431,42.33532822936774,58.33176294441481,73.40827091212232,87.3270865955704,99.8687019567334,110.83532822936776,120.05401516600924,127.37937856669043,132.69589307462243,135.91971408008348
136.0,134.927599378769,131.72730991349383,126.4496020808022,119.17770848596545,110.02631123499285,99.13973332931197,86.68966260582181,72.87244411714353,57.90598365284988,42.02631123499285,25.483858783658565,8.53951065598664,-8.539510655986623,-25.483858783658548,-42.02631123499281,-57.90598365284989,-72.87244411714357,-86.68966260582181,-99.13973332931194,-110.02631123499283,-119.17770848596545,-126.44960208080218,-131.7273099134938,-134.92759937876897,-136.0,-134.927599378769,-131.72730991349385,-126.4496020808022,-119.17770848596544,-110.0263112349929,-99.13973332931202,-86.68966260582178,-72.8724441171435,-57.90598365284981,-42.02631123499287,-25.48385878365855,-8.539510655986597,8.539510655986545,25.4838587836585,42.026311234992825,57.90598365284977,72.87244411714356,86.68966260582175,99.13973332931194,110.02631123499283,119.17770848596538,126.4496020808022,131.7273099134938,134.92759937876897,136.0,134.927599378769,131.72730991349383,126.44960208080218,119.17770848596548,110.02631123499287,99.13973332931197,86.68966260582188,72.87244411714352,57.90598365284993,42.026311234993,25.483858783658565,8.539510655986732,-8.53951065598665,-25.4838587836586,-42.02631123499281,-57.90598365284997,-72.87244411714354,-86.68966260582191,-99.13973332931201,-110.02631123499282,-119.1777084859655,-126.44960208080218,-131.7273099134938,-134.927599378769,-136.0,-134.927599378769,-131.72730991349383,-126.44960208080222,-119.17770848596544,-110.02631123499289,-99.13973332931208,-86.68966260582198,-72.87244411714343,-57.90598365284984,-42.0263112349929,-25.4838587836587,-8.53951065598687,8.539510655986513,25.483858783658587,42.02631123499279,57.90598365284974,72.87244411714332,86.68966260582171,99.13973332931198,110.0263112349928,119.17770848596537,126.44960208080218,131.7273099134938,134.927599378769
135.0,133.93548467745453,130.7587267523652,125.51982559491395,118.30140180592159,109.2172942406179,98.41076470189056,86.05223861607311,72.33661732216453,57.48020436128481,41.7172942406179,25.29647746907284,8.476720136457326,-8.47672013645731,-25.296477469072823,-41.71729424061786,-57.48020436128482,-72.33661732216459,-86.05223861607311,-98.41076470189053,-109.21729424061789,-118.30140180592159,-125.51982559491393,-130.7587267523652,-133.9354846774545,-135.0,-133.93548467745453,-130.75872675236522,-125.51982559491395,-118.30140180592157,-109.21729424061795,-98.4107647018906,-86.05223861607308,-72.3366173221645,-57.48020436128474,-41.71729424061792,-25.296477469072826,-8.476720136457283,8.476720136457232,25.296477469072777,41.717294240617875,57.4802043612847,72.33661732216456,86.05223861607305,98.41076470189053,109.21729424061789,118.30140180592153,125.51982559491395,130.7587267523652,133.9354846774545,135.0,133.93548467745453,130.7587267523652,125.51982559491393,118.30140180592161,109.21729424061792,98.41076470189056,86.0522386160732,72.33661732216451,57.48020436128486,41.71729424061805,25.29647746907284,8.476720136457418,-8.476720136457335,-25.296477469072876,-41.71729424061786,-57.4802043612849,-72.33661732216454,-86.05223861607323,-98.41076470189059,-109.21729424061787,-118.30140180592163,-125.51982559491393,-130.7587267523652,-133.93548467745453,-135.0,-133.93548467745453,-130.7587267523652,-125.51982559491398,-118.30140180592157,-109.21729424061793,-98.41076470189067,-86.0522386160733,-72.33661732216443,-57.48020436128477,-41.71729424061796,-25.296477469072975,-8.476720136457555,8.476720136457201,25.29647746907286,41.717294240617846,57.48020436128466,72.33661732216433,86.05223861607303,98.41076470189057,109.21729424061786,118.30140180592151,125.51982559491393,130.7587267523652,133.93548467745453
134.0,132.94336997614005,129.79014359123656,124.5900491090257,117.42509512587772,108.40827724624296,97.68179607446915,85.41481462632443,71.80079052718554,57.054425069719734,41.40827724624296,25.109096154487116,8.413929616928012,-8.413929616927996,-25.109096154487098,-41.40827724624291,-57.05442506971974,-71.80079052718558,-85.41481462632443,-97.68179607446912,-108.40827724624295,-117.42509512587772,-124.59004910902568,-129.79014359123656,-132.94336997614002,-134.0,-132.94336997614005,-129.79014359123659,-124.5900491090257,-117.4250951258777,-108.408277246243,-97.68179607446919,-85.4148146263244,-71.80079052718551,-57.05442506971967,-41.408277246242974,-25.1090961544871,-8.41392961692797,8.41392961692792,25.10909615448705,41.40827724624293,57.05442506971963,71.80079052718557,85.41481462632437,97.68179607446912,108.40827724624295,117.42509512587766,124.5900491090257,129.79014359123656,132.94336997614002,134.0,132.94336997614005,129.79014359123656,124.59004910902568,117.42509512587775,108.40827724624297,97.68179607446915,85.4148146263245,71.80079052718553,57.05442506971979,41.40827724624311,25.109096154487116,8.413929616928103,-8.413929616928021,-25.10909615448715,-41.40827724624291,-57.05442506971983,-71.80079052718555,-85.41481462632453,-97.68179607446918,-108.40827724624293,-117.42509512587776,-124.59004910902568,-129.79014359123656,-132.94336997614005,-134.0,-132.94336997614005,-129.79014359123656,-124.59004910902573,-117.4250951258777,-108.40827724624299,-97.68179607446925,-85.4148146263246,-71.80079052718543,-57.0544250697197,-41.40827724624301,-25.10909615448725,-8.41392961692824,8.413929616927888,25.109096154487137,41.408277246242896,57.05442506971959,71.80079052718533,85.41481462632434,97.68179607446916,108.40827724624292,117.42509512587765,124.59004910902568,129.79014359123656,132.94336997614005
133.0,131.95125527482557,128.82156043010792,123.66027262313744,116.54878844583385,107.59926025186802,96.95282744704774,84.77739063657573,71.26496373220654,56.62864577815466,41.09926025186801,24.92171483990139,8.351139097398699,-8.351139097398683,-24.921714839901373,-41.09926025186797,-56.62864577815467,-71.26496373220658,-84.77739063657573,-96.95282744704771,-107.599260251868,-116.54878844583385,-123.66027262313743,-128.82156043010792,-131.95125527482554,-133.0,-131.95125527482557,-128.82156043010795,-123.66027262313744,-116.54878844583384,-107.59926025186806,-96.95282744704778,-84.7773906365757,-71.26496373220651,-56.6286457781546,-41.099260251868024,-24.921714839901377,-8.351139097398656,8.351139097398606,24.921714839901327,41.09926025186798,56.62864577815456,71.26496373220657,84.77739063657567,96.95282744704771,107.599260251868,116.5487884458338,123.66027262313744,128.82156043010792,131.95125527482554,133.0,131.95125527482557,128.82156043010792,123.66027262313743,116.54878844583389,107.59926025186803,96.95282744704774,84.77739063657582,71.26496373220652,56.62864577815471,41.09926025186816,24.92171483990139,8.35113909739879,-8.351139097398708,-24.921714839901426,-41.09926025186797,-56.628645778154755,-71.26496373220655,-84.77739063657584,-96.95282744704777,-107.59926025186797,-116.5487884458339,-123.66027262313743,-128.82156043010792,-131.95125527482557,-133.0,-131.95125527482557,-128.82156043010792,-123.66027262313747,-116.54878844583384,-107.59926025186805,-96.95282744704784,-84.77739063657592,-71.26496373220644,-56.62864577815463,-41.09926025186806,-24.921714839901522,-8.351139097398924,8.351139097398576,24.921714839901412,41.09926025186795,56.62864577815452,71.26496373220634,84.77739063657565,96.95282744704775,107.59926025186796,116.54878844583378,123.66027262313743,128.82156043010792,131.95125527482557
132.0,130.9591405735111,127.8529772689793,122.73049613724919,115.67248176579,106.79024325749306,96.22385881962633,84.13996664682705,70.72913693722754,56.20286648658959,40.79024325749306,24.734333525315666,8.288348577869385,-8.28834857786937,-24.734333525315648,-40.79024325749302,-56.2028664865896,-70.7291369372276,-84.13996664682705,-96.2238588196263,-106.79024325749305,-115.67248176579,-122.73049613724918,-127.85297726897929,-130.95914057351106,-132.0,-130.9591405735111,-127.85297726897932,-122.73049613724919,-115.67248176578998,-106.7902432574931,-96.22385881962637,-84.13996664682702,-70.72913693722751,-56.20286648658953,-40.79024325749308,-24.73433352531565,-8.288348577869343,8.288348577869295,24.734333525315602,40.79024325749303,56.20286648658948,70.72913693722758,84.13996664682699,96.2238588196263,106.79024325749305,115.67248176578994,122.73049613724919,127.85297726897929,130.95914057351106,132.0,130.9591405735111,127.8529772689793,122.73049613724918,115.67248176579002,106.79024325749307,96.22385881962633,84.13996664682712,70.72913693722752,56.20286648658964,40.79024325749321,24.734333525315666,8.288348577869476,-8.288348577869394,-24.7343335253157,-40.79024325749302,-56.20286648658968,-70.72913693722757,-84.13996664682715,-96.22385881962636,-106.79024325749303,-115.67248176579004,-122.73049613724918,-127.85297726897929,-130.9591405735111,-132.0,-130.9591405735111,-127.8529772689793,-122.73049613724922,-115.67248176578998,-106.79024325749309,-96.22385881962643,-84.13996664682722,-70.72913693722744,-56.202866486589556,-40.79024325749312,-24.734333525315797,-8.288348577869609,8.288348577869263,24.734333525315687,40.790243257493,56.20286648658945,70.72913693722734,84.13996664682696,96.22385881962634,106.79024325749302,115.67248176578993,122.73049613724918,127.85297726897929,130.9591405735111
131.0,129.96702587219661,126.88439410785067,121.80071965136094,114.79617508574613,105.98122626311812,95.49489019220492,83.50254265707835,70.19331014224855,55.77708719502452,40.48122626311812,24.54695221072994,8.225558058340072,-8.225558058340056,-24.546952210729923,-40.481226263118074,-55.77708719502453,-70.19331014224859,-83.50254265707835,-95.49489019220488,-105.9812262631181,-114.79617508574613,-121.80071965136092,-126.88439410785065,-129.9670258721966,-131.0,-129.96702587219661,-126.88439410785068,-121.80071965136094,-114.79617508574611,-105.98122626311816,-95.49489019220496,-83.50254265707832,-70.19331014224852,-55.77708719502445,-40.48122626311813,-24.546952210729927,-8.225558058340031,8.225558058339981,24.54695221072988,40.48122626311809,55.77708719502441,70.19331014224858,83.5025426570783,95.49489019220488,105.9812262631181,114.79617508574607,121.80071965136094,126.88439410785065,129.9670258721966,131.0,129.96702587219661,126.88439410785067,121.80071965136092,114.79617508574616,105.98122626311813,95.49489019220492,83.50254265707844,70.19331014224854,55.77708719502457,40.48122626311826,24.54695221072994,8.22555805834016,-8.22555805834008,-24.546952210729977,-40.481226263118074,-55.777087195024606,-70.19331014224856,-83.50254265707846,-95.49489019220495,-105.98122626311809,-114.79617508574617,-121.80071965136092,-126.88439410785065,-129.96702587219661,-131.0,-129.96702587219661,-126.88439410785067,-121.80071965136096,-114.79617508574611,-105.98122626311815,-95.49489019220502,-83.50254265707854,-70.19331014224845,-55.777087195024485,-40.48122626311817,-24.546952210730073,-8.225558058340294,8.225558058339951,24.546952210729962,40.48122626311806,55.77708719502438,70.19331014224835,83.50254265707827,95.49489019220493,105.98122626311807,114.79617508574606,121.80071965136092,126.88439410785065,129.96702587219661
130.0,128.97491117088214,125.91581094672205,120.8709431654727,113.91986840570226,105.17220926874317,94.7659215647835,82.86511866732967,69.65748334726955,55.35130790345944,40.17220926874317,24.359570896144216,8.162767538810758,-8.162767538810742,-24.3595708961442,-40.172209268743124,-55.35130790345945,-69.65748334726959,-82.86511866732967,-94.76592156478347,-105.17220926874316,-113.91986840570226,-120.87094316547268,-125.91581094672202,-128.9749111708821,-130.0,-128.97491117088214,-125.91581094672206,-120.8709431654727,-113.91986840570225,-105.17220926874322,-94.76592156478354,-82.86511866732964,-69.65748334726952,-55.35130790345938,-40.17220926874318,-24.359570896144202,-8.162767538810717,8.162767538810668,24.359570896144156,40.17220926874314,55.351307903459336,69.65748334726958,82.86511866732961,94.76592156478347,105.17220926874316,113.9198684057022,120.8709431654727,125.91581094672202,128.9749111708821,130.0,128.97491117088214,125.91581094672205,120.87094316547268,113.91986840570229,105.17220926874319,94.7659215647835,82.86511866732974,69.65748334726953,55.3513079034595,40.172209268743316,24.359570896144216,8.162767538810847,-8.162767538810767,-24.359570896144252,-40.172209268743124,-55.351307903459535,-69.65748334726956,-82.86511866732977,-94.76592156478353,-105.17220926874315,-113.9198684057023,-120.87094316547268,-125.91581094672202,-128.97491117088214,-130.0,-128.97491117088214,-125.91581094672205,-120.87094316547272,-113.91986840570225,-105.1722092687432,-94.7659215647836,-82.86511866732984,-69.65748334726945,-55.35130790345941,-40.17220926874322,-24.359570896144348,-8.162767538810979,8.162767538810638,24.359570896144238,40.17220926874311,55.35130790345931,69.65748334726935,82.86511866732958,94.76592156478351,105.17220926874313,113.91986840570219,120.87094316547268,125.91581094672202,128.97491117088214
129.0,127.98279646956765,124.94722778559341,119.94116667958444,113.0435617256584,104.36319227436822,94.03695293736209,82.22769467758097,69.12165655229056,54.92552861189437,39.863192274368224,24.17218958155849,8.099977019281445,-8.099977019281429,-24.172189581558474,-39.86319227436818,-54.92552861189438,-69.1216565522906,-82.22769467758097,-94.03695293736206,-104.3631922743682,-113.0435617256584,-119.94116667958443,-124.9472277855934,-127.98279646956763,-129.0,-127.98279646956765,-124.94722778559343,-119.94116667958444,-113.04356172565839,-104.36319227436826,-94.03695293736213,-82.22769467758094,-69.12165655229053,-54.92552861189431,-39.86319227436824,-24.172189581558477,-8.099977019281404,8.099977019281356,24.17218958155843,39.863192274368195,54.925528611894265,69.12165655229059,82.22769467758091,94.03695293736206,104.3631922743682,113.04356172565835,119.94116667958444,124.9472277855934,127.98279646956763,129.0,127.98279646956765,124.94722778559341,119.94116667958443,113.04356172565844,104.36319227436823,94.03695293736209,82.22769467758106,69.12165655229055,54.92552861189442,39.863192274368366,24.17218958155849,8.099977019281532,-8.099977019281454,-24.172189581558527,-39.86319227436818,-54.92552861189446,-69.12165655229057,-82.22769467758108,-94.03695293736212,-104.36319227436819,-113.04356172565845,-119.94116667958443,-124.9472277855934,-127.98279646956765,-129.0,-127.98279646956766,-124.94722778559341,-119.94116667958447,-113.04356172565839,-104.36319227436825,-94.03695293736219,-82.22769467758116,-69.12165655229046,-54.925528611894336,-39.863192274368274,-24.17218958155862,-8.099977019281663,8.099977019281326,24.172189581558513,39.86319227436817,54.92552861189424,69.12165655229036,82.22769467758089,94.0369529373621,104.36319227436817,113.04356172565834,119.94116667958443,124.9472277855934,127.98279646956765
128.0,126.99068176825317,123.97864462446478,119.01139019369619,112.16725504561454,103.55417527999327,93.30798430994068,81.59027068783229,68.58582975731156,54.4997493203293,39.554175279993274,23.984808266972767,8.037186499752131,-8.037186499752115,-23.98480826697275,-39.55417527999323,-54.49974932032931,-68.5858297573116,-81.59027068783229,-93.30798430994065,-103.55417527999326,-112.16725504561454,-119.01139019369617,-123.97864462446476,-126.99068176825315,-128.0,-126.99068176825317,-123.97864462446479,-119.01139019369619,-112.16725504561452,-103.55417527999332,-93.30798430994072,-81.59027068783226,-68.58582975731153,-54.49974932032924,-39.55417527999329,-23.984808266972752,-8.03718649975209,8.037186499752043,23.984808266972706,39.554175279993245,54.499749320329194,68.58582975731159,81.59027068783223,93.30798430994065,103.55417527999326,112.16725504561448,119.01139019369619,123.97864462446476,126.99068176825315,128.0,126.99068176825317,123.97864462446478,119.01139019369617,112.16725504561457,103.55417527999329,93.30798430994068,81.59027068783236,68.58582975731154,54.49974932032935,39.554175279993416,23.984808266972767,8.037186499752218,-8.03718649975214,-23.984808266972802,-39.55417527999323,-54.499749320329386,-68.58582975731157,-81.59027068783239,-93.30798430994071,-103.55417527999325,-112.16725504561458,-119.01139019369617,-123.97864462446476,-126.99068176825317,-128.0,-126.99068176825318,-123.97864462446478,-119.01139019369622,-112.16725504561452,-103.5541752799933,-93.30798430994078,-81.59027068783246,-68.58582975731146,-54.499749320329265,-39.55417527999332,-23.984808266972895,-8.037186499752348,8.037186499752012,23.984808266972788,39.55417527999322,54.499749320329165,68.58582975731136,81.5902706878322,93.3079843099407,103.55417527999323,112.16725504561447,119.01139019369617,123.97864462446476,126.99068176825317
127.0,125.99856706693869,123.01006146333614,118.08161370780793,111.29094836557067,102.74515828561833,92.57901568251927,80.9528466980836,68.05000296233256,54.07397002876423,39.245158285618324,23.797426952387042,7.974395980222818,-7.974395980222802,-23.797426952387024,-39.24515828561828,-54.073970028764236,-68.0500029623326,-80.9528466980836,-92.57901568251924,-102.74515828561832,-111.29094836557067,-118.08161370780792,-123.01006146333613,-125.99856706693868,-127.0,-125.99856706693869,-123.01006146333616,-118.08161370780793,-111.29094836557066,-102.74515828561837,-92.57901568251931,-80.95284669808358,-68.05000296233253,-54.073970028764165,-39.24515828561834,-23.797426952387028,-7.974395980222777,7.97439598022273,23.79742695238698,39.245158285618295,54.07397002876412,68.05000296233258,80.95284669808355,92.57901568251924,102.74515828561832,111.29094836557061,118.08161370780793,123.01006146333613,125.99856706693868,127.0,125.99856706693869,123.01006146333614,118.08161370780792,111.2909483655707,102.74515828561834,92.57901568251927,80.95284669808366,68.05000296233254,54.07397002876428,39.245158285618466,23.797426952387042,7.974395980222904,-7.974395980222827,-23.797426952387077,-39.24515828561828,-54.073970028764315,-68.05000296233257,-80.95284669808369,-92.5790156825193,-102.7451582856183,-111.29094836557071,-118.08161370780792,-123.01006146333613,-125.99856706693869,-127.0,-125.9985670669387,-123.01006146333614,-118.08161370780796,-111.29094836557066,-102.74515828561836,-92.57901568251937,-80.95284669808376,-68.05000296233246,-54.073970028764194,-39.24515828561837,-23.79742695238717,-7.974395980223033,7.9743959802227,23.797426952387063,39.24515828561827,54.073970028764094,68.05000296233236,80.95284669808352,92.57901568251928,102.74515828561829,111.2909483655706,118.08161370780792,123.01006146333613,125.99856706693869
126.0,125.00645236562421,122.04147830220751,117.15183722191968,110.41464168552682,101.93614129124337,91.85004705509786,80.3154227083349,67.51417616735357,53.64819073719916,38.93614129124338,23.610045637801317,7.9116054606935045,-7.9116054606934885,-23.6100456378013,-38.93614129124334,-53.648190737199165,-67.51417616735361,-80.3154227083349,-91.85004705509783,-101.93614129124336,-110.41464168552682,-117.15183722191966,-122.04147830220751,-125.0064523656242,-126.0,-125.00645236562421,-122.04147830220752,-117.15183722191968,-110.4146416855268,-101.93614129124342,-91.8500470550979,-80.31542270833488,-67.51417616735354,-53.648190737199094,-38.936141291243395,-23.610045637801303,-7.9116054606934645,7.9116054606934165,23.610045637801257,38.93614129124335,53.64819073719905,67.5141761673536,80.31542270833485,91.85004705509783,101.93614129124336,110.41464168552676,117.15183722191968,122.04147830220751,125.0064523656242,126.0,125.00645236562421,122.04147830220751,117.15183722191966,110.41464168552685,101.93614129124339,91.85004705509786,80.31542270833498,67.51417616735355,53.6481907371992,38.936141291243516,23.610045637801317,7.91160546069359,-7.911605460693513,-23.610045637801353,-38.93614129124334,-53.648190737199236,-67.51417616735358,-80.315422708335,-91.85004705509789,-101.93614129124335,-110.41464168552686,-117.15183722191966,-122.04147830220751,-125.00645236562421,-126.0,-125.00645236562423,-122.04147830220751,-117.1518372219197,-110.4146416855268,-101.9361412912434,-91.85004705509796,-80.31542270833508,-67.51417616735347,-53.64819073719912,-38.93614129124343,-23.61004563780144,-7.911605460693718,7.911605460693387,23.61004563780134,38.936141291243324,53.64819073719902,67.51417616735337,80.31542270833482,91.85004705509787,101.93614129124333,110.41464168552675,117.15183722191966,122.04147830220751,125.00645236562421
125.0,124.01433766430974,121.07289514107889,116.22206073603144,109.53833500548295,101.12712429686843,91.12107842767644,79.67799871858622,66.97834937237457,53.22241144563408,38.62712429686843,23.422664323215592,7.848814941164191,-7.848814941164175,-23.422664323215574,-38.62712429686839,-53.22241144563409,-66.97834937237461,-79.67799871858622,-91.12107842767642,-101.12712429686842,-109.53833500548295,-116.22206073603142,-121.07289514107887,-124.01433766430972,-125.0,-124.01433766430974,-121.0728951410789,-116.22206073603144,-109.53833500548294,-101.12712429686847,-91.12107842767648,-79.6779987185862,-66.97834937237454,-53.22241144563402,-38.627124296868445,-23.422664323215578,-7.848814941164151,7.848814941164104,23.422664323215532,38.6271242968684,53.22241144563398,66.9783493723746,79.67799871858617,91.12107842767642,101.12712429686842,109.53833500548289,116.22206073603144,121.07289514107887,124.01433766430972,125.0,124.01433766430974,121.07289514107889,116.22206073603142,109.53833500548298,101.12712429686844,91.12107842767644,79.67799871858628,66.97834937237455,53.22241144563413,38.62712429686857,23.422664323215592,7.848814941164276,-7.8488149411642,-23.422664323215628,-38.62712429686839,-53.222411445634165,-66.97834937237458,-79.67799871858631,-91.12107842767647,-101.1271242968684,-109.53833500548299,-116.22206073603142,-121.07289514107887,-124.01433766430974,-125.0,-124.01433766430975,-121.07289514107889,-116.22206073603147,-109.53833500548294,-101.12712429686846,-91.12107842767654,-79.67799871858638,-66.97834937237447,-53.222411445634044,-38.62712429686848,-23.422664323215717,-7.848814941164402,7.848814941164075,23.422664323215614,38.627124296868374,53.22241144563395,66.97834937237437,79.67799871858614,91.12107842767645,101.12712429686839,109.53833500548288,116.22206073603142,121.07289514107887,124.01433766430974
124.0,123.02222296299526,120.10431197995025,115.29228425014318,108.66202832543908,100.31810730249349,90.39210980025503,79.04057472883753,66.44252257739558,52.79663215406901,38.31810730249349,23.235283008629867,7.7860244216348775,-7.7860244216348615,-23.23528300862985,-38.318107302493445,-52.796632154069016,-66.44252257739561,-79.04057472883753,-90.392109800255,-100.31810730249347,-108.66202832543908,-115.29228425014317,-120.10431197995024,-123.02222296299524,-124.0,-123.02222296299526,-120.10431197995027,-115.29228425014318,-108.66202832543907,-100.31810730249353,-90.39210980025507,-79.0405747288375,-66.44252257739555,-52.796632154068945,-38.318107302493495,-23.235283008629853,-7.7860244216348375,7.786024421634791,23.23528300862981,38.31810730249346,52.79663215406891,66.4425225773956,79.04057472883747,90.392109800255,100.31810730249347,108.66202832543902,115.29228425014318,120.10431197995024,123.02222296299524,124.0,123.02222296299526,120.10431197995025,115.29228425014317,108.66202832543911,100.3181073024935,90.39210980025503,79.0405747288376,66.44252257739556,52.79663215406906,38.31810730249362,23.235283008629867,7.786024421634962,-7.7860244216348855,-23.235283008629903,-38.318107302493445,-52.796632154069094,-66.44252257739558,-79.04057472883763,-90.39210980025506,-100.31810730249346,-108.66202832543912,-115.29228425014317,-120.10431197995024,-123.02222296299526,-124.0,-123.02222296299527,-120.10431197995025,-115.29228425014321,-108.66202832543907,-100.31810730249352,-90.39210980025513,-79.0405747288377,-66.44252257739548,-52.79663215406897,-38.31810730249353,-23.23528300862999,-7.786024421635087,7.786024421634762,23.23528300862989,38.31810730249343,52.79663215406888,66.44252257739538,79.04057472883744,90.39210980025504,100.31810730249344,108.66202832543901,115.29228425014317,120.10431197995024,123.02222296299526
123.0,122.03010826168078,119.13572881882162,114.36250776425493,107.78572164539523,99.50909030811853,89.66314117283362,78.40315073908884,65.90669578241658,52.37085286250394,38.00909030811854,23.047901694044143,7.723233902105564,-7.723233902105548,-23.047901694044125,-38.009090308118495,-52.370852862503945,-65.90669578241662,-78.40315073908884,-89.66314117283359,-99.50909030811852,-107.78572164539523,-114.36250776425491,-119.1357288188216,-122.03010826168077,-123.0,-122.03010826168078,-119.13572881882163,-114.36250776425493,-107.78572164539521,-99.50909030811857,-89.66314117283366,-78.40315073908882,-65.90669578241655,-52.370852862503874,-38.00909030811855,-23.04790169404413,-7.723233902105524,7.723233902105479,23.047901694044086,38.00909030811851,52.37085286250383,65.9066957824166,78.40315073908879,89.66314117283359,99.50909030811852,107.78572164539517,114.36250776425493,119.1357288188216,122.03010826168077,123.0,122.03010826168078,119.13572881882162,114.36250776425491,107.78572164539524,99.50909030811854,89.66314117283362,78.4031507390889,65.90669578241656,52.37085286250399,38.00909030811867,23.047901694044143,7.7232339021056475,-7.723233902105572,-23.047901694044178,-38.009090308118495,-52.370852862504016,-65.90669578241659,-78.40315073908893,-89.66314117283365,-99.50909030811852,-107.78572164539526,-114.36250776425491,-119.1357288188216,-122.03010826168078,-123.0,-122.0301082616808,-119.13572881882162,-114.36250776425496,-107.78572164539521,-99.50909030811856,-89.66314117283372,-78.403150739089,-65.90669578241648,-52.3708528625039,-38.00909030811859,-23.047901694044267,-7.723233902105772,7.7232339021054495,23.047901694044164,38.00909030811848,52.37085286250381,65.90669578241638,78.40315073908876,89.66314117283363,99.5090903081185,107.78572164539516,114.36250776425491,119.1357288188216,122.03010826168078
122.0,121.0379935603663,118.167145657693,113.43273127836667,106.90941496535136,98.70007331374359,88.93417254541221,77.76572674934015,65.37086898743758,51.94507357093887,37.70007331374359,22.860520379458418,7.660443382576251,-7.660443382576235,-22.8605203794584,-37.70007331374355,-51.945073570938874,-65.37086898743762,-77.76572674934015,-88.93417254541218,-98.70007331374357,-106.90941496535136,-113.43273127836666,-118.16714565769298,-121.03799356036629,-122.0,-121.0379935603663,-118.167145657693,-113.43273127836667,-106.90941496535135,-98.70007331374363,-88.93417254541225,-77.76572674934012,-65.37086898743755,-51.9450735709388,-37.7000733137436,-22.860520379458404,-7.6604433825762115,7.660443382576165,22.86052037945836,37.70007331374356,51.94507357093876,65.3708689874376,77.76572674934009,88.93417254541218,98.70007331374357,106.9094149653513,113.43273127836667,118.16714565769298,121.03799356036629,122.0,121.0379935603663,118.167145657693,113.43273127836666,106.90941496535139,98.7000733137436,88.93417254541221,77.76572674934022,65.37086898743756,51.94507357093891,37.70007331374372,22.860520379458418,7.660443382576333,-7.660443382576259,-22.860520379458453,-37.70007331374355,-51.945073570938945,-65.37086898743759,-77.76572674934025,-88.93417254541224,-98.70007331374356,-106.9094149653514,-113.43273127836666,-118.16714565769298,-121.0379935603663,-122.0,-121.03799356036632,-118.167145657693,-113.4327312783667,-106.90941496535135,-98.70007331374362,-88.93417254541231,-77.76572674934032,-65.37086898743749,-51.94507357093883,-37.70007331374364,-22.86052037945854,-7.660443382576457,7.660443382576137,22.86052037945844,37.70007331374354,51.94507357093874,65.37086898743739,77.76572674934006,88.93417254541222,98.70007331374354,106.90941496535129,113.43273127836666,118.16714565769298,121.0379935603663
121.0,120.04587885905183,117.19856249656436,112.50295479247842,106.03310828530749,97.89105631936864,88.2052039179908,77.12830275959146,64.83504219245859,51.51929427937379,37.391056319368644,22.673139064872693,7.597652863046937,-7.597652863046922,-22.673139064872675,-37.3910563193686,-51.519294279373796,-64.83504219245862,-77.12830275959146,-88.20520391799077,-97.89105631936863,-106.03310828530749,-112.50295479247842,-117.19856249656435,-120.04587885905181,-121.0,-120.04587885905183,-117.19856249656438,-112.50295479247842,-106.03310828530748,-97.89105631936869,-88.20520391799084,-77.12830275959143,-64.83504219245856,-51.51929427937373,-37.39105631936866,-22.67313906487268,-7.597652863046898,7.597652863046853,22.673139064872636,37.391056319368616,51.51929427937369,64.83504219245862,77.1283027595914,88.20520391799077,97.89105631936863,106.03310828530743,112.50295479247842,117.19856249656435,120.04587885905181,121.0,120.04587885905183,117.19856249656436,112.50295479247842,106.03310828530752,97.89105631936866,88.2052039179908,77.12830275959152,64.83504219245857,51.51929427937384,37.39105631936878,22.673139064872693,7.597652863047019,-7.597652863046945,-22.67313906487273,-37.3910563193686,-51.519294279373874,-64.8350421924586,-77.12830275959155,-88.20520391799083,-97.89105631936862,-106.03310828530753,-112.50295479247842,-117.19856249656435,-120.04587885905183,-121.0,-120.04587885905184,-117.19856249656436,-112.50295479247845,-106.03310828530748,-97.89105631936867,-88.20520391799089,-77.12830275959162,-64.83504219245849,-51.51929427937376,-37.39105631936869,-22.673139064872814,-7.597652863047141,7.597652863046824,22.673139064872714,37.39105631936859,51.51929427937367,64.83504219245839,77.12830275959138,88.20520391799081,97.8910563193686,106.03310828530742,112.50295479247842,117.19856249656435,120.04587885905183
